{"minecraft-ten-blank":[{"from":[-6,2,-3],"to":[22,42,19],"faces":{"north":{"uv":[0,4,16,11.27273]},"south":{"uv":[16,4,0,11.27273]},"up":{"uv":[16,4,0,0]},"down":{"uv":[16,15.27273,0,11.27273]}},"parsed":true},{"from":[24,44,21],"to":[-8,0,-5],"faces":{"north":{"uv":[0,15.63636,0.57143,15.81818]},"east":{"uv":[0,15.63636,0.57143,15.81818]},"south":{"uv":[0,15.63636,0.57143,15.81818]},"west":{"uv":[0,15.63636,0.57143,15.81818]},"up":{"uv":[0,15.63636,0.57143,15.81818]},"down":{"uv":[0,15.63636,0.57143,15.81818]}},"parsed":true}]}