{"minecraft-ten-blank":[{"from":[-6,2,-3],"to":[22,42,19],"faces":{"north":{"uv":[0,4.09302,16,11.53488]},"south":{"uv":[16,4.09302,0,11.53488]},"up":{"uv":[16,4.09302,0,0]},"down":{"uv":[16,15.62791,0,11.53488]}},"parsed":true},{"from":[24,44,21],"to":[-8,0,-5],"faces":{"north":{"uv":[0,15.81395,0.57143,16]},"east":{"uv":[0,15.81395,0.57143,16]},"south":{"uv":[0,15.81395,0.57143,16]},"west":{"uv":[0,15.81395,0.57143,16]},"up":{"uv":[0,15.81395,0.57143,16]},"down":{"uv":[0,15.81395,0.57143,16]}},"parsed":true}]}